gallery,date,termFreqs
baseball_ab2,2021-09-02,"(무득,29.024914924078836),(ㅅ,24.251648602781124),(ㅅ,24.251648602781124),(통,20.926858003447766),(-,20.88263737740432),(로리가,20.562214889859856),(9명,20.562214889859856),(끝내기,20.253913530205338),(15k,19.986850744956293),(2년간,19.986850744956293),(밀워키,19.986850744956293),(개우스먼,19.986850744956293),(평자,19.540563642327875),(양키스,19.540563642327875),(타자,19.175920528739965),(주멘,19.015835113392892),(통산,18.867619169085447),(마무리,18.867619169085447),(좋아?,18.867619169085447),(뉴욕,18.729633426111548),(버기신,18.256855869983085),(넣어도,17.963648921599333),(누구보다,17.874745396457666),(',17.789626167620074),(',17.789626167620074),(국대,17.67855078151623),(그렇고,17.629540752273),(스탯,17.554060096307307),(메이저,17.343339064991657),(하던,17.093012779083644),(버기,16.870561508863194),(0,16.577354560479442),(개눈깔,16.488451035337775),(다저슨,16.36209323209471),(지랄,16.282082562867313),(매일,16.282082562867313),(ㅅ,16.167765735187416),(a매치,16.09503044684567),(저슨신,15.957044703871764),(킹,15.827967661596622)"
baseball_ab2,2021-09-03,"(얻기,19.540563642327875),(링크,17.343339064991657),(\",17.152718705383005),(런,16.923898003027517),(공부,16.870561508863194),(실력,15.406838123381924),(가슴,15.23703923580895),(또,14.19026317447841),(잘하는,13.705022178159316),(vs,13.646536496855575),(사람,12.032165801858717),(저,10.405627004719715),(만나네,10.281107444929928),(더쇼,10.281107444929928),(투수는,10.281107444929928),(더쇼,10.281107444929928),(보는지,10.281107444929928),(됩니다,10.281107444929928),(바보,10.281107444929928),(개돼지들,10.281107444929928),(녹데,10.281107444929928),(투수들,10.281107444929928),(같음??,10.281107444929928),(어려운거,10.281107444929928),(투수는,10.281107444929928),(자격,10.281107444929928),(잭,10.281107444929928),(마인드로,10.281107444929928),(플옵에서,10.281107444929928),(뭡니까,10.281107444929928),(더쇼,10.281107444929928),(만루에서,10.281107444929928),(됩니다,10.281107444929928),(아무말도,10.281107444929928),(이시국에,10.281107444929928),(녹데,10.281107444929928),(안하는거임?,10.281107444929928),(간부들,10.281107444929928),(박항서가,10.281107444929928),(to,10.281107444929928)"
baseball_new10,2021-09-02,"(퉤,32.05971765911428),(이재앙,31.39028700517165),(나꼬,29.98027611743444),(바지,28.09445013916732),(조금만,28.09445013916732),(토레공주님,21.373145106076183),(앰~,21.373145106076183),(앰~,21.373145106076183),(토레공주님,21.373145106076183),(앰~,21.373145106076183),(보장,21.373145106076183),(좆흥좆,20.919001459001354),(은행,20.562214889859856),(m~,20.562214889859856),(m~,20.562214889859856),(m~,20.562214889859856),(m~,20.562214889859856),(파도,20.253913530205338),(0명,20.253913530205338),(메건,19.986850744956293),(비겨도,19.986850744956293),(나꼬,19.986850744956293),(ㅜㅠ,19.986850744956293),(얘들은,19.75128467364353),(소금,19.75128467364353),(죽을,19.540563642327875),(얻기,19.540563642327875),(매력,19.540563642327875),(50,19.349943282719224),(괴즐나사,19.349943282719224),(씹투,19.349943282719224),(war,19.175920528739965),(팍,19.175920528739965),(최대한,19.015835113392892),(쎈,19.015835113392892),(창녀,18.867619169085447),(먹을까,18.867619169085447),(아드보카트가,18.867619169085447),(김민짜이,18.729633426111548),(병장,18.600556383836402)"
baseball_new10,2021-09-03,"(웃으면,52.31714500861941),(헤드샷,45.38567320301996),(히카루!,43.897018501959494),(윤희야,43.88515024076827),(윤희야,43.88515024076827),(안돼,43.703312019913895),(10조,43.52785542085755),(!,40.14907823161717),(어머나,39.50256934728706),(에이셉,38.69988656543845),(에이셉,38.69988656543845),(나애교,37.201112767672804),(사랑했다,35.57925233524015),(사랑했다,35.57925233524015),(.,35.55011141949038),(.,35.55011141949038),(코고,35.259081504546),(설아누나,35.108120192614614),(윤희야,35.108120192614614),(운지,34.834607201287014),(10조,34.82228433668604),(10조,34.82228433668604),(쥐소연,33.418975921707414),(히카루!,32.92276387646962),(!,32.11926258529373),(죽었어요,32.05971765911428),(이제갈게,31.39028700517165),(틀뽀누나,30.843322334789782),(야요미공주님,30.380870295308007),(심운,30.380870295308007),(갈게,29.98027611743444),(통수의,29.626927010465295),(계셔?,29.310845463491813),(야떼리,29.310845463491813),(마네킹,29.310845463491813),(이종범,28.763880793109948),(댕댕이,28.763880793109948),(이종범,28.763880793109948),(뽕짝,28.301428753628173),(뽕짝,28.301428753628173)"
baseball_new10,2021-09-04,"(...,22.92615034594401),(...,22.92615034594401),(.,21.330066851694227),(원빈,20.253913530205338),(건물,18.479307140203534),(마약,18.05668895286912),(살기,17.629540752273),(\",17.152718705383005),(톤,16.923898003027517),(시,16.767974920088093),(=,16.710230604727077),(라면,16.62333359692884),(개발,16.577354560479442),(ㅅ,16.167765735187416),(하이브,16.059631292646866),(똥,15.381680558968203),(똥,15.381680558968203),(ㅅㅅ,15.33229533378746),(...,15.284100230629338),(.,14.220044567796151),(인생,13.95823342670244),(글,13.480296241785227),(노래,12.971236511515468),(ㄹㅇ,11.031490860988367),(버스커,10.463429001723883),(통,10.463429001723883),(저,10.405627004719715),(18번,10.281107444929928),(고유진,10.281107444929928),(코혼산,10.281107444929928),(썬더토큰,10.281107444929928),(단타개꿀,10.281107444929928),(피자에,10.281107444929928),(고유진,10.281107444929928),(빠는중,10.281107444929928),(미안하면,10.281107444929928),(미안하면,10.281107444929928),(일베충,10.281107444929928),(쳐줌?,10.281107444929928),(ㄹㅇ..jpg,10.281107444929928)"
bitcoins,2021-09-02,"(ㄱ,108.95370462213428),(♥,105.46756290806981),(ㄷ,62.07045463425738),(ㅠㅠ엄마,42.74629021215237),(ㅠㅠ엄마,42.74629021215237),(ㄷ,41.38030308950492),(ㄷ,41.38030308950492),(ㅅ,40.41941433796854),(ㅅ,40.41941433796854),(ㅡㅡㅡㅡㅡ,39.50256934728706),(ㄱ,38.91203736504796),(미안해,36.729980625047276),(미안해,36.729980625047276),(ㅅ,32.33553147037483),(씨1발,30.380870295308007),(주세요,29.98027611743444),(썬,28.301428753628173),(ㄷ,27.586868726336615),(시발,26.24902646331107),(ㅅ,24.251648602781124),(ㅅ,24.251648602781124),(공지,22.890646973003),(액시,21.373145106076183),(액시,21.373145106076183),(머장,20.93735014005366),(☆☆☆,20.926858003447766),(리또속,20.926858003447766),(■■■■,20.926858003447766),(디파이,20.926858003447766),(☆☆☆,20.926858003447766),(☆☆☆,20.926858003447766),(ㄷ,20.69015154475246),(ㄷ,20.69015154475246),(튀어오른다,20.562214889859856),(뭐에,20.562214889859856),(ㅡㅡㅡㅡㅡㅡ,20.562214889859856),(●●●,20.562214889859856),(질리카,20.253913530205338),(질리카,20.253913530205338),(경주마는,20.253913530205338)"
bitcoins,2021-09-03,"(ㅠㅠ엄마,42.74629021215237),(미안해,36.729980625047276),(코인베이스,20.926858003447766),(☆☆☆,20.926858003447766),(비케똥,18.729633426111548),(망했다,18.364990312523638),(너도,18.256855869983085),(가격,15.146114487655435),(스택스,14.164868654758493),(스택스,14.164868654758493),(ㄷ,13.793434363168307),(간다,13.793434363168307),(ㄷ,13.793434363168307),(코인,13.651685683994993),(글,13.480296241785227),(온버프,13.03207770491689),(제발,12.041555490467132),(?,11.465015220860462),(코인베이스,10.463429001723883),(선동하는,10.281107444929928),(짤좀,10.281107444929928),(어케봄?,10.281107444929928),(코박토큰,10.281107444929928),(유쾌한,10.281107444929928),(유의,10.281107444929928),(신세경,10.281107444929928),(떨어지지,10.281107444929928),(저점인데,10.281107444929928),(알파,10.281107444929928),(쏘기,10.281107444929928),(황탈,10.281107444929928),(큰그림,10.281107444929928),(안보인다,10.281107444929928),(스택스는,10.281107444929928),(30%,10.281107444929928),(쳐발리는,10.281107444929928),(포튜브는,10.281107444929928),(원금,10.281107444929928),(보냈는데,10.281107444929928),(몇이냐,10.281107444929928)"
comic_new2,2021-09-02,"(하이,59.25385402093059),(!,56.20870952426403),(와!,30.380870295308007),(우흥,30.33692217770337),(.,28.440089135592302),(.,28.440089135592302),(탕,27.385283804974627),(..,21.6159973911072),(보장,21.373145106076183),(.,21.330066851694227),(치킨은,20.926858003447766),(회,20.562214889859856),(스시,20.562214889859856),(to,20.562214889859856),(my,20.562214889859856),(전문가,20.253913530205338),(나오게,20.253913530205338),(비비,19.986850744956293),(친,19.75128467364353),(쳐맞아도,19.75128467364353),(옵치,19.75128467364353),(압도적인,19.349943282719224),(과자,19.349943282719224),(오냐,19.175920528739965),(타카기,19.175920528739965),(돼?,19.015835113392892),(1일,19.015835113392892),(애니가,18.867619169085447),(먹을까,18.867619169085447),(먹을까,18.867619169085447),(갈까,18.729633426111548),(빵,18.729633426111548),(똥을,18.600556383836402),(크기,18.479307140203534),(하는거냐,18.479307140203534),(알고보니,18.256855869983085),(횟수,18.05668895286912),(ntr,18.05668895286912),(',17.789626167620074),(오프닝,17.707982178579563)"
comic_new2,2021-09-03,"(배고파,48.37485820679806),(\",34.30543741076601),(/,32.48649278230622),(소고기,30.380870295308007),(츠바키,20.562214889859856),(오빠가,19.986850744956293),(안녕,17.874745396457666),(그렇고,17.629540752273),(정신병,16.767974920088093),(없고,15.990658940504527),(섹스,15.458122984608599),(큰,14.164868654758493),(인생,13.95823342670244),(-,13.92175825160288),(군대,13.694240480889563),(?,11.465015220860462),(되어,10.463429001723883),(국,10.281107444929928),(레바는,10.281107444929928),(목소리로,10.281107444929928),(색기들,10.281107444929928),(당신이,10.281107444929928),(츠바키,10.281107444929928),(철야의노래,10.281107444929928),(될줄,10.281107444929928),(공익인데,10.281107444929928),(기억도,10.281107444929928),(라프텔,10.281107444929928),(한쪽,10.281107444929928),(공익인데,10.281107444929928),(만신,10.281107444929928),(첫좀,10.281107444929928),(있는거임,10.281107444929928),(넘음,10.281107444929928),(방구,10.281107444929928),(들어왔네,10.281107444929928),(환자,10.281107444929928),(싶다...,10.281107444929928),(국산,10.281107444929928),(느낀건,10.281107444929928)"
drama_new3,2021-09-02,"(ㄷ,34.48358590792077),(ㄷ,27.586868726336615),(약과,20.562214889859856),(오오,20.253913530205338),(우르르,20.253913530205338),(imf,19.986850744956293),(변이,19.986850744956293),(제시카,19.349943282719224),(변호사,19.349943282719224),(퍼,19.175920528739965),(올레,19.015835113392892),(안되고,19.015835113392892),(조국,18.729633426111548),(태연,18.729633426111548),(사과,18.600556383836402),(기자,18.600556383836402),(초딩때,18.479307140203534),(누군,18.479307140203534),(송중기,18.05668895286912),(할줄,17.789626167620074),(그렇고,17.629540752273),(시발년,17.629540752273),(망붕,17.554060096307307),(갯차,17.277759419345674),(소시,17.277759419345674),(뭐,17.18169165998816),(냄새,17.093012779083644),(김웅,16.978695951403747),(공식,16.870561508863194),(한국인,16.09503044684567),(없고,15.990658940504527),(~,15.957044703871764),(폰,15.766424344263115),(넘,15.484267147743303),(막,15.406838123381924),(칸,15.124014815282266),(친구,14.744773096731134),(디피,14.537691738849453),(카페,14.178520584899292),(얼굴,14.151309280787736)"
drama_new3,2021-09-03,"(필승,20.926858003447766),(국민,19.175920528739965),(남자들,17.343339064991657),(옷,16.67039459174923),(넷플,15.990658940504527),(작가,15.648743344217248),(코로나,13.933842880514804),(오,13.569199766926895),(ㅋ,11.00116874292795),(불쌍하냐,10.463429001723883),(바이럴이,10.281107444929928),(안봄?,10.281107444929928),(음대,10.281107444929928),(오를까?,10.281107444929928),(은행,10.281107444929928),(성시경,10.281107444929928),(결혼할,10.281107444929928),(똑같은거,10.281107444929928),(어게인,10.281107444929928),(벗기고,10.281107444929928),(안좋은거지?,10.281107444929928),(미주,10.281107444929928),(인과성,10.281107444929928),(미주,10.281107444929928),(안좋은거지?,10.281107444929928),(3화,10.281107444929928),(기억도,10.281107444929928),(친절한,10.281107444929928),(잘하냐??,10.281107444929928),(흥행,10.281107444929928),(너무너무,10.281107444929928),(위드,10.281107444929928),(성시경,10.281107444929928),(성시경,10.281107444929928),(좌파,10.281107444929928),(웃기고,10.281107444929928),(미주,10.281107444929928),(죽이고싶다,10.281107444929928),(모임?,10.281107444929928),(폐기,10.281107444929928)"
fantasy_new2,2021-09-02,"(운동,34.82228433668604),(새,32.41030000242345),(!,32.11926258529373),(ㄷ,20.69015154475246),(아니.,20.562214889859856),(비상,19.540563642327875),(결혼한,19.540563642327875),(누구는,18.867619169085447),(신의상,18.364990312523638),(구,18.154269281207984),(딸배,17.963648921599333),(안돼,17.481324807965557),(카르마,16.978695951403747),(어쩌고,16.577354560479442),(컷,16.44543862489585),(안녕하세요,16.403331806500184),(새,16.205150001211724),(새,16.205150001211724),(새,16.205150001211724),(새로운,16.167765735187416),(!,16.059631292646866),(차단,15.484267147743303),(잘한다,15.23703923580895),(있지,15.059144263775957),(판갤,14.708736085725777),(성장하는,14.690958190891285),(ㅁㄷㅊㅇ,14.673336931526975),(-,13.92175825160288),(ㅇㅈㄹ,13.874136954215443),(그거,13.451518766881028),(딱,11.649648079299109),(?,11.465015220860462),(념글,11.443962394886487),(거,11.146159747004257),(거,11.146159747004257),(셈,10.463429001723883),(치킨은,10.463429001723883),(맞추는게,10.281107444929928),(lpl에선,10.281107444929928),(1557번째,10.281107444929928)"
fantasy_new2,2021-09-03,"(거,11.146159747004257),(안자고,10.281107444929928),(검사가,10.281107444929928),(먹고싶네,10.281107444929928),(마법,10.281107444929928),(극혐하는,10.281107444929928),(보는듯,10.281107444929928),(있는거임,10.281107444929928),(사무라이,10.281107444929928),(웹소설,10.281107444929928),(배우고,10.281107444929928),(쓸만한,10.281107444929928),(뛰어넘는,10.281107444929928),(별로였는데,10.281107444929928),(망치네,10.281107444929928),(여유,10.281107444929928),(히토미에,10.281107444929928),(카페인,10.281107444929928),(암컷,10.281107444929928),(그가,10.281107444929928),(이룬,10.281107444929928),(왜이러지,10.281107444929928),(xx,10.281107444929928),(마이크,10.281107444929928),(확신이,10.126956765102669),(들었다,10.126956765102669),(좆롤,10.126956765102669),(격리,10.126956765102669),(안되게,10.126956765102669),(것들이,10.126956765102669),(부랄,10.126956765102669),(보스,10.126956765102669),(노피아,10.126956765102669),(작명,10.126956765102669),(가테,10.126956765102669),(근황...gif,10.126956765102669),(글케,10.126956765102669),(10시,10.126956765102669),(포식자,10.126956765102669),(갤러리에서,10.126956765102669)"
football_new7,2021-09-02,"(ㄷ,82.76060617900984),(ㅋ,77.00818120049566),(ㄷ,68.96717181584154),(ㄷ,68.96717181584154),(ㅋ돌고래쇼,68.27831840158822),(ㅋ,66.0070124575677),(ㄷ,62.07045463425738),(ㅋ,60.506428086103725),(ㅋ,55.00584371463975),(epl?,53.43286276519046),(ㅋ,49.50525934317577),(ㅋ,49.50525934317577),(ㅋ,49.50525934317577),(ㄷ,48.27702027108908),(ㅋ,44.0046749717118),(ㅋ,44.0046749717118),(못해,41.919937300220234),(ㄷ,41.38030308950492),(ㄷ,41.38030308950492),(ㄷ,41.38030308950492),(ㄷ,41.38030308950492),(ㄷ,41.38030308950492),(ㅋ,38.50409060024783),(ㅋ,38.50409060024783),(ㄷ,34.48358590792077),(ㄷ,34.48358590792077),(ㄷ,34.48358590792077),(ㄷ,34.48358590792077),(ㄷ,34.48358590792077),(ㄷ,34.48358590792077),(ㄷ,34.48358590792077),(ㄷ,34.48358590792077),(ㄷ,34.48358590792077),(ㅋ,33.00350622878385),(ㅋ,33.00350622878385),(내놔,28.763880793109948),(지성이형,28.763880793109948),(.,28.440089135592302),(ㄷ,27.586868726336615),(ㄷ,27.586868726336615)"
football_new7,2021-09-03,"(0,33.154709120958884),(ㅋ,27.502921857319876),(ㅋ,22.0023374858559),(짧게,20.562214889859856),(찾고,19.986850744956293),(ㅈㄹ,19.540563642327875),(dd,18.600556383836402),(베트콩,17.554060096307307),(>>,16.923898003027517),(이라크가,16.403331806500184),(이해,16.24324639115311),(빌드업,16.24324639115311),(8강,16.205150001211724),(없고,15.990658940504527),(●,15.706718417963753),(■,15.648743344217248),(■,15.648743344217248),(■,15.648743344217248),(■,15.648743344217248),(■,15.648743344217248),(■,15.648743344217248),(일부러,15.33229533378746),(전성기,14.955494128046785),(안되는,14.800076159392153),(베트남,14.621385958720454),(항상,13.862406715310646),(ㄷ,13.793434363168307),(손흥민이,13.549099095219892),(선수,13.13507075645124),(중국,13.094827950052398),(벤투,12.356928159786264),(한국,11.945095924275838),(국대,11.78570052101082),(국대,11.78570052101082),(국대,11.78570052101082),(국대,11.78570052101082),(=,11.140153736484718),(세워놓고,10.281107444929928),(못봤네,10.281107444929928),(이란은,10.281107444929928)"
grsgills,2021-09-02,"(황주작,81.01565412082135),(황주작,81.01565412082135),(황주작,81.01565412082135),(황주작,81.01565412082135),(황주작,81.01565412082135),(황주작,81.01565412082135),(기죽지마라,31.39028700517165),(ㄷ,27.586868726336615),(ㄷ,27.586868726336615),(3,21.957830169154853),(2,21.733659530567046),(망해라,20.926858003447766),(ㄷ,20.69015154475246),(ㄷ,20.69015154475246),(만세,19.986850744956293),(김유빈,19.75128467364353),(중국애들,19.540563642327875),(일본도,17.874745396457666),(아니지?,17.789626167620074),(왕따,17.554060096307307),(이선우,17.277759419345674),(\",17.152718705383005),(속보,16.923898003027517),(자리,16.870561508863194),(예쁜,16.818610536056674),(니쥬,16.767974920088093),(=,16.710230604727077),(1등,15.990658940504527),(투표,15.284100230629338),(유다연,14.708736085725777),(+,14.690958190891285),(좋아하는,14.395339181913663),(얼굴,14.151309280787736),(망왑,13.95823342670244),(항상,13.862406715310646),(ㄷ,13.793434363168307),(ㄷ,13.793434363168307),(ㄷ,13.793434363168307),(키,13.620353450506196),(보는,13.442017561363834)"
grsgills,2021-09-03,"(크고,27.231403921811975),(베트남,14.621385958720454),(??,13.85074487468906),(그룹에서,10.281107444929928),(쩌네,10.281107444929928),(갤을,10.281107444929928),(개추ㅋㅋㅋㅋㅋㅋㅋㅋㅋ,10.281107444929928),(중국인은,10.281107444929928),(스우파는,10.281107444929928),(쯔위,10.281107444929928),(쯔위,10.281107444929928),(확대,10.281107444929928),(2명만,10.281107444929928),(중국인은,10.281107444929928),(백지헌,10.281107444929928),(김도아,10.281107444929928),(타입,10.281107444929928),(걸그룹이,10.281107444929928),(19세,10.281107444929928),(괜찮아서,10.281107444929928),(그리워,10.281107444929928),(손도,10.281107444929928),(쯔위,10.281107444929928),(위클리,10.281107444929928),(짧네,10.281107444929928),(쯔위,10.281107444929928),(믿어도,10.281107444929928),(서영은,10.281107444929928),(자랑하는,10.281107444929928),(뛰어넘는,10.281107444929928),(관심을,10.281107444929928),(간단히,10.281107444929928),(좋나?,10.126956765102669),(ㄹㅇ임,10.126956765102669),(걸그룹은,10.126956765102669),(푸야닝은,10.126956765102669),(한중일,10.126956765102669),(콘서트,10.126956765102669),(원영이,10.126956765102669),(체리블렛,10.126956765102669)"
ib_new2,"","(복귀후,10.126956765102669),(세야가,9.875642336821764),(다시한번,9.182495156261819),(철구,7.755378800621672),(아프리카,6.3724233407672966)"
ib_new2,2021-09-02,"(ㅅ,56.587180073155956),(ㅋ,44.0046749717118),(ㅅ,32.33553147037483),(ㅅ,32.33553147037483),(사랑해,26.33109014446096),(ㅅ,24.251648602781124),(국,20.562214889859856),(스타로,20.562214889859856),(교크루,19.986850744956293),(교크루,19.986850744956293),(보성이형,19.986850744956293),(망한다,19.986850744956293),(대갈통,19.75128467364353),(ㅣ,19.349943282719224),(임지우,18.867619169085447),(임지우,18.867619169085447),(솔방,18.867619169085447),(맛있게,18.729633426111548),(;;;,18.600556383836402),(;;;,18.600556383836402),(성태,18.600556383836402),(봉준이,18.256855869983085),(성형,17.629540752273),(행,17.629540752273),(비키니,17.554060096307307),(비제이,17.554060096307307),(배그,17.554060096307307),(입중계,17.21426202271651),(입중계,17.21426202271651),(입중계,17.21426202271651),(입중계,17.21426202271651),(염보,17.03503770533714),(>>,16.923898003027517),(>>,16.923898003027517),(나온다,16.71858969490735),(최군,16.67039459174923),(30대,16.67039459174923),(임아니,16.44543862489585),(컨텐츠,16.059631292646866),(돌파,16.02484780722313)"
ib_new2,2021-09-03,"(이유없이,29.626927010465295),(인기글,20.926858003447766),(리중딱,19.986850744956293),(^,19.75128467364353),(하꼬,18.479307140203534),(노잼,17.41114216834302),(되니까,17.343339064991657),(갓성은,17.21426202271651),(저런거,16.870561508863194),(오지네,16.403331806500184),(어느,16.131067457851024),(팩트,14.726673425691297),(<~,13.683516594606793),(쏘대장,13.579326370839988),(쏘대장,13.579326370839988),(쏘대장,13.579326370839988),(쏘대장,13.579326370839988),(쏘대장,13.579326370839988),(=,11.140153736484718),(새끼네,10.281107444929928),(저러냐?,10.281107444929928),(안쏨,10.281107444929928),(기룡이,10.281107444929928),(줄었네,10.281107444929928),(끝이다,10.281107444929928),(민교야,10.281107444929928),(4천원,10.281107444929928),(남소나충들,10.281107444929928),(ㅈ망했네,10.281107444929928),(알겠지?,10.281107444929928),(ㅈ망했네,10.281107444929928),(조차,10.281107444929928),(ㅂㅅ인,10.281107444929928),(불쌍하다는,10.281107444929928),(만나러,10.281107444929928),(정상수,10.281107444929928),(왈,10.281107444929928),(개좆된,10.281107444929928),(남소나충들,10.281107444929928),(스시,10.281107444929928)"
idolmaster_new1,2021-09-02,"(호엥,133.65439678408907),(호엥,30.843322334789782),(호엥,30.843322334789782),(헐,24.196601186776537),(되어,20.926858003447766),(자도,20.253913530205338),(당,19.986850744956293),(mz세대,19.540563642327875),(큰거온다,19.015835113392892),(먹을까,18.867619169085447),(하트,18.600556383836402),(재앙지원금,18.154269281207984),(이어폰,18.05668895286912),(고,17.963648921599333),(미유,17.707982178579563),(몸에,17.554060096307307),(고추,17.554060096307307),(페스,17.343339064991657),(먹어도,17.21426202271651),(아가리,16.71858969490735),(정신,16.577354560479442),(확정,14.85695203003322),(패스,14.587486842092908),(없으면,14.276785962054582),(보고,11.611332731233242),(하는,11.562595549199326),(거,11.146159747004257),(=,11.140153736484718),(치킨은,10.463429001723883),(왕자님,10.463429001723883),(난,10.418127045410058),(혜자팩,10.281107444929928),(이번은,10.281107444929928),(부리는,10.281107444929928),(코짤,10.281107444929928),(공주가,10.281107444929928),(시어터,10.281107444929928),(무료연에서,10.281107444929928),(야하네,10.281107444929928),(무료연에서,10.281107444929928)"
idolmaster_new1,2021-09-03,"(잉,125.5611480206866),(스카우트,20.253913530205338),(잡아도,19.349943282719224),(5차,19.349943282719224),(큰거온다,19.015835113392892),(무비,18.729633426111548),(200,18.364990312523638),(동,17.707982178579563),(페스,17.343339064991657),(천장,17.152718705383005),(6주년,16.67039459174923),(이거지,16.532408848775326),(레벨,16.24324639115311),(떡밥,15.432316174936782),(세계,15.059144263775957),(씹레,13.726761522633124),(님들,12.249663849954674),(제발,12.041555490467132),(못봤네,10.281107444929928),(뭔소리임?,10.281107444929928),(호엥,10.281107444929928),(낮다,10.281107444929928),(이러고있음,10.281107444929928),(짓을,10.281107444929928),(홀리는,10.281107444929928),(하츠네,10.281107444929928),(비교하는,10.281107444929928),(대딸,10.281107444929928),(시어터,10.281107444929928),(망딩이,10.281107444929928),(여유,10.281107444929928),(바보,10.281107444929928),(개씹레,10.281107444929928),(페스스카웃,10.281107444929928),(망딩이,10.281107444929928),(개씹레,10.281107444929928),(혜자팩,10.281107444929928),(살찐거,10.281107444929928),(나오는구나,10.281107444929928),(코짤,10.281107444929928)"
leagueoflegends4,2021-09-02,"(갤주!,113.79719733598037),(ㅅ,113.17436014631191),(ㄷ,110.34747490534646),(^오우^,91.0377578687843),(롤왜안돼,91.0377578687843),(모버지!,83.70743201379106),(모버지!,83.70743201379106),(ㅅ,80.83882867593708),(모버지!,73.24400301206718),(모버지!,73.24400301206718),(ㅈㄱㅊㅇ,67.11572185058988),(!,64.23852517058747),(왕,59.82554472679276),(성장하는,58.76383276356514),(ㅁㄷㅊㅇ,58.6933477261079),(ㅁㄷㅊㅇ,58.6933477261079),(ㅁㄷㅊㅇ,58.6933477261079),(ㅁㄷㅊㅇ,58.6933477261079),(제발은퇴좀,56.898598667990186),(최강한화!!,56.898598667990186),(ㅋㅋ미드차이,56.898598667990186),(감독선수빨,56.898598667990186),(펀치!,56.898598667990186),(모카게,56.18890027833464),(외쳐!,54.87127312744937),(모모페페,54.87127312744937),(외쳐!,54.87127312744937),(모건!,54.77056760994925),(^무관행동^,51.40553722464964),(모건!!,51.40553722464964),(ㅁㄷㅊㅇ,51.356679260344414),(태,48.851409105819684),(ㅅ,48.50329720556225),(ㅅ,48.50329720556225),(!,48.178893877940595),(^무^관,46.82408356527887),(아웃,46.82408356527887),(모카게,46.82408356527887),(^무^관,46.82408356527887),(아웃,46.82408356527887)"
leagueoflegends4,2021-09-03,"(빨간안경!,68.27831840158822),(-,27.84351650320576),(-,27.84351650320576),(/,24.364869586729668),(/,24.364869586729668),(데뷔,24.037271710834695),(>,23.60452288430105),(^무^,23.072520838452306),(전성기,22.433241192070177),(버스커,20.926858003447766),(사일이랑,20.926858003447766),(쵸~,20.926858003447766),(쵸~,20.926858003447766),(쵸~,20.926858003447766),(쵸~,20.926858003447766),(-,20.88263737740432),(-,20.88263737740432),(팀원을,20.562214889859856),(4시드랑,20.562214889859856),(잘하니,20.562214889859856),(한화생명은,20.562214889859856),(무관,20.446114626390603),(있든,20.253913530205338),(하하,20.253913530205338),(럭스,20.253913530205338),(날로,20.253913530205338),(아니고,20.10668665809096),(페즙,19.986850744956293),(피솔킬,19.986850744956293),(피솔킬,19.986850744956293),(로밍,19.75128467364353),(mmr,19.75128467364353),(~~~,19.75128467364353),(300,19.540563642327875),(잘하는지,19.540563642327875),(버전,19.349943282719224),(바라보는,19.349943282719224),(도르,19.175920528739965),(남의,19.015835113392892),(호야,19.015835113392892)"
leagueoflegends4,2021-09-04,"(tsm!,54.87127312744937),(!,48.178893877940595),(고전파,48.07454342166939),(i,30.380870295308007),(그래서,26.142130588557784),(벵기,23.78919656329935),(뱅,23.26613640186502),(tsm!,21.948509250979747),(당구,20.926858003447766),(엘리스,20.562214889859856),(잘생겼냐,20.253913530205338),(니달리를,20.253913530205338),(좆시계,20.253913530205338),(저떄,20.253913530205338),(미포터,19.986850744956293),(손톱,19.75128467364353),(맞다이,19.540563642327875),(벵기가,19.540563642327875),(무료,19.540563642327875),(무료,19.540563642327875),(자이라,19.349943282719224),(진궁,19.349943282719224),(개사기,19.175920528739965),(나이에,19.175920528739965),(유체화,19.015835113392892),(도쿄,18.867619169085447),(카타,18.600556383836402),(우승할,18.364990312523638),(자르반,18.256855869983085),(칼챔,18.256855869983085),(어쩌구,18.154269281207984),(역체,17.963648921599333),(미포,17.707982178579563),(미포,17.707982178579563),(좀,17.628453929185138),(3번,17.41114216834302),(변기,17.093012779083644),(급식,16.978695951403747),(잼구,16.67039459174923),(잼구,16.67039459174923)"
lostark,2021-09-02,"(너야?,41.12442977971971),(3시에,27.9008345757546),(원딜,27.795611739018895),(기공사,25.916639129018513),(2넴,25.639519168625466),(아브가려고,21.373145106076183),(아브가려고,21.373145106076183),(평균적으로,20.926858003447766),(홍염,20.562214889859856),(누르는데,20.562214889859856),(누르는데,20.562214889859856),(가든,20.253913530205338),(좋아도,19.986850744956293),(구동,19.349943282719224),(부계정,19.349943282719224),(천만원,19.015835113392892),(23강,19.015835113392892),(아크패스,19.015835113392892),(비싸게,18.867619169085447),(좋아?,18.867619169085447),(흔한,18.479307140203534),(22강,18.479307140203534),(시발..,18.479307140203534),(22강,18.479307140203534),(시발..,18.479307140203534),(받기,18.256855869983085),(받기,18.256855869983085),(점화,18.05668895286912),(현타,18.05668895286912),(현타,18.05668895286912),(100,17.963648921599333),(실수,17.874745396457666),(좋냐,17.789626167620074),(월,17.707982178579563),(호감도,17.629540752273),(어려움?,17.629540752273),(살기,17.629540752273),(낫냐,17.554060096307307),(낫냐,17.554060096307307),(직각,17.554060096307307)"
lostark,2021-09-03,"(^1557^,53.43286276519046),(얻기,29.310845463491813),(익스프레스,20.253913530205338),(자드,19.75128467364353),(고추,17.554060096307307),(3번,17.41114216834302),(목걸이,16.818610536056674),(원한,16.62333359692884),(하지마,16.488451035337775),(보이네,16.24324639115311),(하드,15.766424344263115),(정도,15.706718417963753),(전각,15.146114487655435),(스킬,15.037980045114884),(리퍼,14.895788201747424),(뭐고,14.537691738849453),(건슬,13.885936398469818),(병신,13.47065766891333),(홀나,13.102811992591473),(로아,12.318727817039425),(제발,12.041555490467132),(셈,10.463429001723883),(평균적으로,10.463429001723883),(끝이다,10.281107444929928),(전압은,10.281107444929928),(금토일,10.281107444929928),(1530,10.281107444929928),(하이퍼,10.281107444929928),(전압은,10.281107444929928),(레디백,10.281107444929928),(넘들,10.281107444929928),(443,10.281107444929928),(ㅂㅅ임,10.281107444929928),(안주면,10.281107444929928),(한결같이,10.281107444929928),(강점이,10.281107444929928),(바드에,10.281107444929928),(런칭,10.281107444929928),(사거리,10.281107444929928),(손해임?,10.281107444929928)"
samsunglions_new,2021-09-02,"(ㅅ,48.50329720556225),(ㅅㅅ,38.33073833446865),(빨리가,36.51371173996617),(ㅅ,32.33553147037483),(빨리가,27.385283804974627),(오바하지마,26.561973267869345),(ㅅ,24.251648602781124),(ㅅ,24.251648602781124),(치사하게,20.562214889859856),(공은,20.562214889859856),(퀄스플,20.562214889859856),(우귤,20.562214889859856),(한팀은,20.253913530205338),(호수비,20.253913530205338),(구라니,19.986850744956293),(구라니,19.986850744956293),(ㄹㄹㄹㄹ,19.75128467364353),(파울이네,19.75128467364353),(파울이네,19.75128467364353),(태그,19.75128467364353),(인터뷰가,19.75128467364353),(먼곤이,19.540563642327875),(만루위기,19.540563642327875),(지분,19.349943282719224),(좆동엽,19.349943282719224),(탁주맘,19.349943282719224),(승규야,19.349943282719224),(백투백,19.349943282719224),(만루,19.015835113392892),(스윙,18.867619169085447),(역겨우면,18.729633426111548),(찬스,18.600556383836402),(오재앙,18.600556383836402),(비판,18.600556383836402),(ㅅㅅㅅㅅㅅㅅㅅㅅ,18.364990312523638),(빨리가,18.256855869983085),(빨리가,18.256855869983085),(무사만루,17.963648921599333),(초구,17.789626167620074),(오바하지마,17.707982178579563)"
samsunglions_new,2021-09-03,"(네,52.44397442389667),(10년,18.154269281207984),(살쪄서,10.281107444929928),(클라스는,10.281107444929928),(기복,10.281107444929928),(ㄴㄱ임?,10.281107444929928),(1년만,10.281107444929928),(해야겟다,10.281107444929928),(플옵에서,10.281107444929928),(도움이,10.281107444929928),(넘는거,10.281107444929928),(가빌리오는,10.281107444929928),(생각나는거,10.281107444929928),(구푼이는,10.281107444929928),(가빌리오는,10.281107444929928),(한자리,10.281107444929928),(잘한적이,10.281107444929928),(제일먼저,10.281107444929928),(진것도,10.281107444929928),(미니,10.281107444929928),(u23으로,10.281107444929928),(1루,10.281107444929928),(투수들,10.281107444929928),(덕아웃에서,10.281107444929928),(만나노,10.281107444929928),(프로필,10.281107444929928),(박해민이,10.126956765102669),(패스축구가,10.126956765102669),(직구,10.126956765102669),(어떡하냐?,10.126956765102669),(안오는데,10.126956765102669),(누굴까,10.126956765102669),(3할,10.126956765102669),(쓰려면,10.126956765102669),(좆같았음,10.126956765102669),(4연패,10.126956765102669),(짤남은,10.126956765102669),(작년은,10.126956765102669),(뷰캐넌,10.126956765102669),(내부는,10.126956765102669)"
stream,2021-09-02,"(모건!!,51.40553722464964),(t1,27.91071689827738),(((,19.986850744956293),(((,19.986850744956293),(((,19.986850744956293),(((,19.986850744956293),(((,19.986850744956293),(관우,19.349943282719224),()),19.175920528739965),()),19.175920528739965),(직관,18.479307140203534),(새봄추,18.256855869983085),(장기,17.963648921599333),(재밌냐,17.789626167620074),(',17.789626167620074),(여군,17.03503770533714),(여군,17.03503770533714),(여군,17.03503770533714),(서새봄,16.767974920088093),(돈이,16.767974920088093),(한갱,16.282082562867313),(결혼,16.09503044684567),(나랑이,15.957044703871764),(x,15.168461088851686),(우정잉,14.380129983143224),(다들,13.662239798196682),(다들,13.662239798196682),(t1이,13.461065324386343),(보는,13.442017561363834),(방송,13.001425763960437),(노래,12.971236511515468),(얘,12.956311069112289),(아님,12.890491600934691),(백신,12.56581348652146),(없음,12.535463890482989),(로아,12.318727817039425),(=,11.140153736484718),(ㅋ,11.00116874292795),(인기글,10.463429001723883),(잉,10.463429001723883)"
stream,2021-09-03,"(밉다,28.523752670089337),(일리아칸,20.253913530205338),(청소,19.986850744956293),(터져서,18.05668895286912),(아니키,17.874745396457666),(가고,16.818610536056674),(침카페,16.403331806500184),(공개,16.403331806500184),(파티,16.36209323209471),(파티,16.36209323209471),(ㅠ,15.213917591006798),(우정잉,14.380129983143224),(사진,14.206107229163965),(카페,14.178520584899292),(카페,14.178520584899292),(카페,14.178520584899292),(침착맨,13.827623229886909),(침착맨,13.827623229886909),(백신,12.56581348652146),(결국,11.789845600214765),(보고,11.611332731233242),(하는,11.562595549199326),(레바는,10.281107444929928),(어설프게,10.281107444929928),(보는거같음,10.281107444929928),(음란물,10.281107444929928),(장군님,10.281107444929928),(없애면,10.281107444929928),(없애면,10.281107444929928),(목소리로,10.281107444929928),(장군님,10.281107444929928),(18번,10.281107444929928),(마이크,10.281107444929928),(괜찮아서,10.281107444929928),(없애면,10.281107444929928),(합리적인,10.281107444929928),(고양이는,10.281107444929928),(됩니다,10.281107444929928),(게임하네,10.281107444929928),(됩니다,10.281107444929928)"
w_entertainer,2021-09-02,"(ㄷ,41.38030308950492),(퉤,32.05971765911428),(왕자님,20.926858003447766),(능욕,20.926858003447766),(30일,20.926858003447766),(옐무,20.253913530205338),(기갈,19.75128467364353),(약핑이,19.75128467364353),(발삼,19.540563642327875),(확진,19.175920528739965),(누군,18.479307140203534),(약한,18.479307140203534),(망했다,18.364990312523638),(씹프피,18.364990312523638),(좆비티아이,18.154269281207984),(똥찬이,17.963648921599333),(띵박티아이,17.874745396457666),(다같이,17.874745396457666),(느금은,17.789626167620074),(무대,17.629540752273),(조센,17.21426202271651),(좆돌,16.923898003027517),(=,16.710230604727077),(셉치,16.532408848775326),(챙빈이,16.321687817459672),(서열,16.24324639115311),(씹슴,16.205150001211724),(이모,16.167765735187416),(이모,16.167765735187416),(라미갑,15.796959288524691),(보추,15.796959288524691),(좆같네,15.458122984608599),(뿡2,15.406838123381924),(맞고,15.406838123381924),(학치커,15.356835518971089),(느금,15.33229533378746),(돼지,15.213917591006798),(발삼이,15.146114487655435),(발삼이,15.146114487655435),(선냐,14.935393456339783)"
w_entertainer,2021-09-03,"(코디,20.562214889859856),(개줌마,20.562214889859856),(보내,20.253913530205338),(겨둑,19.175920528739965),(찐으로,18.729633426111548),(메까,18.154269281207984),(설깅이,17.554060096307307),(닮음,17.093012779083644),(저주파가,16.978695951403747),(졸사,16.870561508863194),(윙족이,16.44543862489585),(오랑이,15.957044703871764),(오랑이,15.957044703871764),(이쁜,15.891465058225783),(섹스,15.458122984608599),(같긔,15.432316174936782),(바이럴,15.23703923580895),(잦스틴,14.587486842092908),(이름,14.365035571872458),(득2,14.192266343474817),(득2,14.192266343474817),(득2,14.192266343474817),(득2,14.192266343474817),(망왑,13.95823342670244),(망왑,13.95823342670244),(망왑,13.95823342670244),(설윤띠니,13.118876335986002),(설윤띠니,13.118876335986002),(설윤띠니,13.118876335986002),(득4,12.511511508389557),(득4,12.511511508389557),(득4,12.511511508389557),(득4,12.511511508389557),(득4,12.511511508389557),(득4,12.511511508389557),(득4,12.511511508389557),(득4,12.511511508389557),(득4,12.511511508389557),(득4,12.511511508389557),(코아픈,12.193032009720099)"
